target;model;seconds;status;hours
morning_evening_person_extreme;gssvm_rbf;16900550.550373003;done;4694.597375103612
nap_day_extreme;gssvm_rbf;42333496.51191401;done;11759.30458664278
doze_day;gssvm_rbf;152149952.03133604;done;42263.87556426001
